Film Name,Format,Type,Price,Availability
Kodak Gold 200 - 35mm Film,35mm,C41,7.50,In stock
Kodak UltraMax 400 - 35mm Film,35mm,C41,10.00,In stock
Kodak Portra 400 - 35mm Film,35mm,C41,19.50,In stock
Kodak ColorPlus 200 - 35mm Film,35mm,C41,8.00,In stock
Kodak Portra 160 - 35mm Film,35mm,C41,20.00,In stock
Kodak Pro Image 100 - 35mm Film,35mm,C41,12.50,In stock
Kodak Ektachrome E100 - 35mm Film,35mm,C41,28.00,In stock
CineStill 50D - 35mm Film,35mm,C41,17.50,In stock
Harman Phoenix - 35mm Film,35mm,C41,13.00,In stock
Washi X - 35mm Colour Film,35mm,C41,15.00,In stock
SilberSalz35 500T - 35mm Film,35mm,C41,14.00,In stock
KIRO 400 - 35mm Film - EXPIRED,35mm,C41,19.00,In stock
SantaColor 100 - 35mm Film,35mm,C41,18.50,In stock
dubblefilm Jelly - 35mm Film,35mm,C41,16.00,In stock
Candido 800 - 35mm Film,35mm,C41,14.00,In stock
SilberSalz35 50D - 35mm Film,35mm,C41,14.00,In stock
dubblefilm Apollo - 35mm Film,35mm,C41,15.00,In stock
Candido 200 - 35mm Film,35mm,C41,13.00,In stock
dubblefilm Pacific - 35mm Film,35mm,C41,16.00,In stock
SilberSalz35 200T - 35mm Film,35mm,C41,14.00,In stock
Orwo Wolfen NC500 - 35mm Film,35mm,C41,15.00,In stock
"FPP ""Low ISO"" Colour Negative 35mm Film",35mm,C41,16.00,In stock
Candido 400 - 35mm Film,35mm,C41,13.50,In stock
Revolog Nebula - 35mm Film,35mm,C41,15.00,In stock
Revolog Kosmos - 35mm Film,35mm,C41,18.00,In stock
Revolog Streak - 35mm Film,35mm,C41,18.00,In stock
Glow 400 - 35mm Film,35mm,C41,16.00,In stock
Aqua 400 - 35mm Film,35mm,C41,16.00,In stock
Revolog Tesla 2 - 35mm Film,35mm,C41,18.00,In stock
Revolog Texture - 35mm Film,35mm,C41,18.00,In stock
Revolog Volvox - 35mm Film,35mm,C41,15.00,In stock
BKIFI Red Hearts - 35mm Film,35mm,C41,11.00,In stock
Revolog Rasp - 35mm Film,35mm,C41,18.00,In stock
Revolog Plexus - 35mm Film,35mm,C41,18.00,In stock
FPP Color 125 - 35mm Film,35mm,C41,15.00,In stock
Revolog Lazer - 35mm Film,35mm,C41,18.00,In stock
BKIFI Pride Hearts - 35mm Film,35mm,C41,16.00,In stock
BKIFI Confetti - 35mm Film,35mm,C41,16.00,In stock
BKIFI Flowers - 35mm Film,35mm,C41,16.00,In stock
Mr Negative Bat Country 400T - 35mm Film,35mm,C41,17.00,In stock
Street Candy Psychedelic Street 400 - 35mm Film,35mm,C41,17.00,In stock
Vandal Tungsten - 35mm Film,35mm,C41,16.00,In stock
Amber D400 - 35mm Film,35mm,C41,16.50,In stock
BKIFI + Grid - 35mm Film,35mm,C41,16.00,In stock
Maple 100 - 35mm Film,35mm,C41,16.50,In stock
Mr Negative 250D - 35mm Film,35mm,C41,15.00,In stock
Amber D100 - 35mm Film,35mm,C41,16.50,In stock
Amber T200 - 35mm Film,35mm,C41,16.50,In stock
Lomography Metropolis - 35mm Film,35mm,C41,14.50,Out of stock
dubblefilm Jelly - 35mm Film,35mm,C41,16.00,Out of stock
Revolog Nebula - 35mm Film,35mm,C41,15.00,Out of stock
Revolog Volvox - 35mm Film,35mm,C41,15.00,Out of stock
CineStill 800T - 35mm Film,35mm,C41,17.00,Out of stock
Kodak Portra 800 - 35mm Film,35mm,C41,20.50,Out of stock
Kodak Ektar - 35mm Film,35mm,C41,17.00,Out of stock
Fujifilm Superia X-Tra - 35mm Film,35mm,C41,15.00,Out of stock
CineStill 400D - 35mm Film,35mm,C41,20.00,Out of stock
Lomography Purple - 35mm Film,35mm,C41,16.00,Out of stock
Lomography Colour Negative 400 - 35mm Film,35mm,C41,18.00,Out of stock
dubblefilm Bubblegum - 35mm Film,35mm,C41,16.00,Out of stock
Fujifilm Superia Premium - 35mm Film,35mm,C41,15.00,Out of stock
Fujifilm Fujicolor C200 - 35mm Film,35mm,C41,10.00,Out of stock
Lomography Colour Negative 800 - 35mm Film,35mm,C41,21.00,Out of stock
SilberSalz35 250D - 35mm Film,35mm,C41,14.00,Out of stock
Lomography Colour Negative 100 - 35mm Film,35mm,C41,14.00,Out of stock
dubblefilm Cinema - 35mm Film,35mm,C41,15.00,Out of stock
dubblefilm Treat - 35mm Film,35mm,C41,14.00,Out of stock
Fujicolor 100 - 35mm Film,35mm,C41,16.00,Out of stock
dubblefilm Daily Color - 35mm Film,35mm,C41,18.00,Out of stock
Lucky Super 100 - 35mm Film - EXPIRED,35mm,C41,8.00,Out of stock
Fujifilm Provia 100F - 35mm Film,35mm,C41,25.00,Out of stock
Fujifilm Velvia 50 - 35mm Film,35mm,C41,26.00,Out of stock
Fujifilm Pro 400H Film 35mm Colour ISO 400,35mm,C41,18.00,Out of stock
dubblefilm Solar - 35mm Film,35mm,C41,18.00,Out of stock
Amber 800 - 35mm Film,35mm,C41,16.50,Out of stock
Lomography Turquoise - 35mm Film,35mm,C41,14.00,Out of stock
Fujifilm Velvia 100 - 35mm Film,35mm,C41,28.00,Out of stock
Fujifilm Venus 800 - 35mm Film,35mm,C41,19.50,Out of stock
Revolog Kolor - 35mm Film,35mm,C41,15.00,Out of stock
dubblefilm Stereo - 35mm Film,35mm,C41,18.00,Out of stock
FPP Blue Ultra - 35mm Film,35mm,C41,12.00,Out of stock
Revolog 600nm - 35mm Film,35mm,C41,15.00,Out of stock
FPP Super Positive - 35mm Film,35mm,C41,14.00,Out of stock
Fujifilm 200 - 35mm Film,35mm,C41,12.00,Out of stock
Lomography LomoChrome Colour '92 - 35mm Film,35mm,C41,12.00,Out of stock
Silberra Color 50 - 35mm Film - LIMITED EDITION!,35mm,C41,14.00,Out of stock
Revolog 460nm - 35mm Film,35mm,C41,18.00,Out of stock
Silberra Color 100 - 35mm Film - 36 exposures,35mm,C41,15.00,Out of stock
Lomography Analogue Trio - 35mm Film PLUS keyring,35mm,C41,40.00,Out of stock
Yodica Antares Film 35mm Colour ISO 400,35mm,C41,11.00,Out of stock
Silberra Color 160 - 35mm Film - 36 exposures,35mm,C41,15.00,Out of stock
Yodica Vega Film 35mm Colour ISO 400,35mm,C41,11.00,Out of stock
Rollei CrossBird Slide - 35mm Film,35mm,C41,9.50,Out of stock
Yodica Andromeda Film 35mm Colour ISO 400,35mm,C41,11.00,Out of stock
Adox Color Mission - 35mm Film,35mm,C41,16.00,Out of stock
Yodica Atlas Film 35mm Colour ISO 400,35mm,C41,11.00,Out of stock
Ilford HP5 Plus - 35mm Film,35mm,BW,6.50,In stock
Kentmere 400 - 35mm Film,35mm,BW,4.75,In stock
Kodak Tri-X 400 - 35mm Film,35mm,BW,8.00,In stock
Ilford FP4 Plus - 35mm Film,35mm,BW,6.50,In stock
Ilford XP2 - 35mm Film,35mm,BW,8.00,In stock
Ilford Delta 3200 - 35mm Film,35mm,BW,11.00,In stock
Fomapan Creative 200 - 35mm Film,35mm,BW,5.50,In stock
Ilford Delta 400 - 35mm Film,35mm,BW,9.75,In stock
Kentmere 100 - 35mm Film,35mm,BW,4.75,In stock
Fomapan Classic 100 - 35mm Film,35mm,BW,5.00,In stock
AgfaPhoto APX 400 - 35mm Film,35mm,BW,7.50,In stock
Ilford Pan F Plus - 35mm Film,35mm,BW,8.50,In stock
Ilford Delta 100 - 35mm Film,35mm,BW,9.50,In stock
Ilford Ortho Plus 80 - 35mm Film,35mm,BW,9.00,In stock
Kodak T-MAX 400 - 35mm Film,35mm,BW,14.00,In stock
Rollei Retro 400S - 35mm Film,35mm,BW,7.00,In stock
Rollei RPX 400 - 35mm Film,35mm,BW,8.00,In stock
Rollei Superpan 200 - 35mm Film,35mm,BW,7.00,In stock
Kodak T-MAX P3200 - 35mm Film,35mm,BW,16.50,In stock
AgfaPhoto APX 100 - 35mm Film,35mm,BW,7.50,In stock
Rollei RPX 100 - 35mm Film,35mm,BW,7.50,In stock
Kodak T-MAX 100 - 35mm Film,35mm,BW,13.50,In stock
Ilford SFX 200 - 35mm Film,35mm,BW,12.00,In stock
Lomography Potsdam 100 - 35mm Film,35mm,BW,10.00,In stock
Adox CHS 100 - 35mm Film,35mm,BW,9.00,In stock
Adox Scala 50 - 35mm Film,35mm,BW,7.00,In stock
Foma Fomapan R - 35mm Film,35mm,BW,8.50,In stock
Adox HR-50 - 35mm Film,35mm,BW,7.00,In stock
Lomography Lady Grey 400 - 35mm Film,35mm,BW,8.50,In stock
Lomography Babylon 13 - 35mm Film,35mm,BW,10.00,In stock
dubblefilm Daily Black & White - 35mm Film,35mm,BW,8.50,In stock
Lomography Earl Grey 100 - 35mm Film,35mm,BW,8.50,In stock
Kiki Pan 320 - 35mm Film ðŸ˜»,35mm,BW,12.00,In stock
Street Candy MTN100 - 35mm Film,35mm,BW,12.00,In stock
NoColorStudio Experimental No. 10 - 35mm Film,35mm,BW,11.00,In stock
Revolog SnoVlox - The Winter Film,35mm,BW,10.00,In stock
FPP - Let It Snow - 35mm Film,35mm,BW,8.50,In stock
Rollei Ortho 25 Plus - 35mm Film,35mm,BW,9.50,In stock
FPP Low ISO B&W - 35mm Film,35mm,BW,10.00,In stock
FPP Film Love - LIMITED EDITION!,35mm,BW,14.00,In stock
FPP Mummy - 35mm Film,35mm,BW,10.00,In stock
FPP Frankenstein - 35mm Film,35mm,BW,12.50,In stock
FPP Svema Mz3 - 35mm Film,35mm,BW,14.00,In stock
FPP Tasma NK-2 - 35mm Film,35mm,BW,11.00,In stock
FPP Derev Pan 400 - 35mm Film,35mm,BW,14.00,In stock
FPP Svema FN64 - 35mm Film,35mm,BW,14.00,In stock
FPP Derev Pan 200 - 35mm Film,35mm,BW,14.00,In stock
Orwo Wolfen UN54 - 35mm Film,35mm,BW,9.50,In stock
Ilford FP4 Plus - 35mm Film,35mm,BW,6.50,Out of stock
Fomapan Creative 200 - 35mm Film,35mm,BW,5.50,Out of stock
Fomapan Classic 100 - 35mm Film,35mm,BW,5.00,Out of stock
Rollei RPX 25 - 35mm Film,35mm,BW,8.00,Out of stock
Lomography Earl Grey 100 - 35mm Film,35mm,BW,8.50,Out of stock
Fomapan Action 400 - 35mm Film,35mm,BW,5.50,Out of stock
Kosmo Foto Mono 100 - 35mm Film,35mm,BW,7.00,Out of stock
Street Candy ATM400 - 35mm Film,35mm,BW,13.00,Out of stock
CineStill BwXX - 35mm Film,35mm,BW,15.50,Out of stock
JCH StreetPan 400 - 35mm Film,35mm,BW,14.00,Out of stock
Bergger Pancro 400 - 35mm Film,35mm,BW,7.50,Out of stock
Ferrania P30 - 35mm Film,35mm,BW,11.00,Out of stock
Rollei Retro 80S - 35mm Film,35mm,BW,6.00,Out of stock
Washi S - 35mm Film,35mm,BW,7.50,Out of stock
Washi D - 35mm Film,35mm,BW,10.00,Out of stock
Kosmo Foto Agent Shadow 400 - 35mm Film,35mm,BW,7.50,Out of stock
Lomography Berlin 400 - 35mm Film,35mm,BW,9.50,Out of stock
Fujifilm Neopan Acros II - 35mm Film,35mm,BW,15.00,Out of stock
Adox CMS 20 II Pro - 35mm Film,35mm,BW,5.50,Out of stock
Washi Z - 35mm Film,35mm,BW,8.50,Out of stock
Washi A - 35mm Film,35mm,BW,6.00,Out of stock
Washi F - 35mm Film,35mm,BW,8.50,Out of stock
New Classic EZ400 - 35mm Film,35mm,BW,8.50,Out of stock
Rollei Blackbird - 35mm Film,35mm,BW,9.00,Out of stock
Rollei Paul & Reinhold - Twinpack - 35mm Film,35mm,BW,18.50,Out of stock
Lomography FantÃ´me 8 - 35mm Film,35mm,BW,9.50,Out of stock
FPP WolfMan - 35mm Film,35mm,BW,15.00,Out of stock
Foma Retropan 320 Film - 35mm Film,35mm,BW,5.00,Out of stock
FPP Eastman Double-X - 35mm Film,35mm,BW,11.00,Out of stock
Silberra Pan 160 - 35mm Film,35mm,BW,6.50,Out of stock
Ferrania P33 - 35mm Film,35mm,BW,10.50,Out of stock
NoColorStudio Experimental No. 5 - 35mm Film,35mm,BW,10.00,Out of stock
Washi R Reversal - 35mm Film,35mm,BW,12.00,Out of stock
Silberra U200 - 35mm Film,35mm,BW,8.00,Out of stock
CatLABS X Film 320 Pro - 35mm Film,35mm,BW,10.00,Out of stock
Ferrania Orto - 35mm Film,35mm,BW,9.50,Out of stock
Ilford Ilfocolor 400 Vintage Tone - 35mm Film,35mm,BW,16.00,Out of stock
Silberra U400 - 35mm Film,35mm,BW,9.00,Out of stock
Kentmere 400 - 35mm Bulk Roll,35mm,BW,70.00,Out of stock
Silberra Pan 100 - 35mm Film,35mm,BW,6.50,Out of stock
Silberra Ultima 160 - 35mm Film,35mm,BW,6.50,Out of stock
Santa Rae 1000 - 35mm Film,35mm,BW,10.00,Out of stock
Silberra Ultima 100 - 35mm Film,35mm,BW,6.50,Out of stock
FPP Blue Sensitive - 35mm Film,35mm,BW,14.00,Out of stock
Revolog Paper - 35mm Film,35mm,BW,15.00,Out of stock
Silberra Cinema 52XX - 35mm Film,35mm,BW,12.50,Out of stock
FPP Derev Pan 100 35mm Film - B&W,35mm,BW,12.00,Out of stock
Fujifilm Neopan 400CN Film 35mm B&W ISO 400,35mm,BW,10.00,Out of stock
Kodak Gold - 120 Film,120,C41,8.00,In stock
Kodak Portra 400 - 120 Film,120,C41,17.50,In stock
CineStill 800T - 120 Film,120,C41,17.50,In stock
Kodak Ektar - 120 Film,120,C41,16.00,In stock
Kodak Portra 800 - 120 Film,120,C41,22.00,In stock
Kodak Ektachrome E100 - 120 Film,120,C41,18.00,In stock
CineStill 50D - 120 Film,120,C41,20.00,In stock
CineStill 400D - 120 Film,120,C41,17.00,In stock
CineStill 50D - 120 Film - SHORTDATED,120,C41,16.00,In stock
dubblefilm Pacific - 120 Film,120,C41,18.00,In stock
revolog 600nm - 120 Film,120,C41,22.00,In stock
revolog 460nm - 120 Film,120,C41,22.00,In stock
CineStill 400D - 120 Film - EXPIRED,120,C41,13.50,In stock
Kodak Portra 160 - 120 Film,120,C41,14.00,Out of stock
Kodak Ektachrome E100 - 120 Film,120,C41,18.00,Out of stock
Lomography Colour Negative 400 - 120 Film,120,C41,9.50,Out of stock
Lomography Colour Negative 100 - 120 Film,120,C41,9.50,Out of stock
Lomography Colour Negative 800 - 120 Film,120,C41,11.00,Out of stock
Lomography Purple - 120 Film,120,C41,14.00,Out of stock
Lomography Metropolis - 120 Film,120,C41,12.00,Out of stock
Kodak Ektar - 120 Film - SHORTDATED,120,C41,9.00,Out of stock
Fujifilm Provia 100F - 120 Film,120,C41,15.00,Out of stock
Fujifilm Velvia 50 - 120 Film,120,C41,17.50,Out of stock
Fujifilm Velvia 100 - 120 Film,120,C41,15.00,Out of stock
Fujifilm Pro 160NS - 120 Film,120,C41,14.00,Out of stock
CineStill 50D - 120 Film - EXPIRED,120,C41,10.00,Out of stock
Lomography Turquoise - 120 Film,120,C41,14.00,Out of stock
dubblefilm Bubblegum - 120 Film,120,C41,18.00,Out of stock
dubblefilm Apollo - 120 Film,120,C41,18.00,Out of stock
Lomography LomoChrome Colour '92 - 120 Film,120,C41,14.00,Out of stock
Rollei CrossBird Slide - 120 Film,120,C41,7.00,Out of stock
Kodak Portra 800 - 120 Film - EXPIRED,120,C41,70.00,Out of stock
Ilford HP5 Plus - 120 Film,120,BW,7.00,In stock
Ilford FP4 Plus - 120 Film,120,BW,6.90,In stock
Kodak Tri-X 400 - 120 Film,120,BW,8.00,In stock
Ilford Delta 400 - 120 Film,120,BW,8.25,In stock
Fomapan Action 400 - 120 Film,120,BW,5.75,In stock
Fomapan Classic 100 - 120 Film,120,BW,5.00,In stock
Fomapan Creative 200 - 120 Film,120,BW,5.75,In stock
Ilford Delta 3200 - 120 Film,120,BW,8.75,In stock
Ilford Pan F Plus - 120 Film,120,BW,7.25,In stock
Ilford XP2 - 120 Film,120,BW,8.20,In stock
Kentmere 400 - 120 Film,120,BW,5.70,In stock
Ilford Delta 100 - 120 Film,120,BW,8.25,In stock
Ilford Ortho Plus 80 - 120 Film,120,BW,9.75,In stock
CineStill BwXX - 120 Film,120,BW,15.00,In stock
Kodak T-MAX 400 - 120 Film,120,BW,9.00,In stock
Kentmere 100 - 120 Film,120,BW,5.70,In stock
Rollei Retro 400S - 120 Film,120,BW,7.50,In stock
Rollei RPX 400 - 120 Film,120,BW,8.00,In stock
Rollei Retro 80S - 120 Film,120,BW,7.50,In stock
Rollei RPX 100 - 120 Film,120,BW,7.50,In stock
JCH StreetPan 400 - 120 Film,120,BW,14.00,In stock
Fujifilm Neopan Acros II - 120 Film,120,BW,15.00,In stock
Kodak T-MAX 100 - 120 Film,120,BW,9.00,In stock
Rollei Superpan 200 - 120 Film,120,BW,7.50,In stock
Ilford SFX 200 - 120 Film,120,BW,13.50,In stock
Lomography Lady Grey 400 - 120 Film,120,BW,9.00,In stock
Lomography Earl Grey 100 - 120 Film,120,BW,7.50,In stock
FPP WolfMan - 120 Film,120,BW,16.00,In stock
FPP Frankenstein - 120 Film,120,BW,16.00,In stock
FPP X-Ray - 120 Film,120,BW,13.00,In stock
Rollei RPX 25 - 120 Film,120,BW,8.00,In stock
Rollei Ortho 25 - 120 Film,120,BW,11.00,In stock
FPP Mummy - 120 Film,120,BW,16.00,In stock
Rollei Ortho 25 - 120 Film - EXPIRED,120,BW,7.50,In stock
Bergger Pancro 400 - 120 Film,120,BW,7.50,Out of stock
Fomapan 200 - 120 Film - RETRO packaging!,120,BW,6.00,Out of stock
Lomography Potsdam 100 - 120 Film,120,BW,6.50,Out of stock
Fomapan 100 - 120 Film - RETRO packaging!,120,BW,5.50,Out of stock
Kosmo Foto Mono 100 - 120 Film,120,BW,6.00,Out of stock
Foma Retropan 320 Film - 120 Film,120,BW,5.50,Out of stock
Fomapan 400 - 120 film - RETRO packaging!,120,BW,5.00,Out of stock
CatLABS X80 Film 120 B&W ISO 80,120,BW,7.00,Out of stock
Washi F - 120 Film,120,BW,8.50,Out of stock
Lomography Berlin 400 - 120 Film,120,BW,11.00,Out of stock
Washi S - 120 Film,120,BW,8.50,Out of stock
Washi Y - 120 Film,120,BW,15.00,Out of stock
Shanghai GP3 100 - 120 Film,120,BW,5.50,Out of stock
Washi V - 120 Film,120,BW,16.00,Out of stock
Santa Rae 1000 - 120 Film,120,BW,10.00,Out of stock
Washi W - 120 Film,120,BW,14.00,Out of stock
Washi I - 120 Film,120,BW,10.00,Out of stock
Washi K - 120 Film,120,BW,6.50,Out of stock
Foma Ortho 400 - 120 Film,120,BW,8.50,Out of stock
Ferrania P30 - 120 Film,120,BW,10.00,Out of stock
CatLABS X Film 320 Pro - 120 Film,120,BW,10.00,Out of stock
JCH StreetPan 400 - 120 Film - EXPIRED,120,BW,10.50,Out of stock
Fomapan Creative 200 - 120 Film - EXPIRED,120,BW,4.00,Out of stock
Adox CHS 100 - 120 Film,120,BW,8.50,Out of stock
